{
  "lang":"en",
  "name":"pipeline",
  "version":"0.0.0",
  "spacy_version":">=3.1.2,<3.2.0",
  "description":"",
  "author":"",
  "email":"",
  "url":"",
  "license":"",
  "spacy_git_version":"e1f88de72",
  "vectors":{
    "width":0,
    "vectors":0,
    "keys":0,
    "name":null
  },
  "labels":{
    "tok2vec":[

    ],
    "ner":[
      "LOC",
      "PERSON"
    ]
  },
  "pipeline":[
    "tok2vec",
    "ner"
  ],
  "components":[
    "tok2vec",
    "ner"
  ],
  "disabled":[

  ],
  "performance":{
    "ents_f":1.0,
    "ents_p":1.0,
    "ents_r":1.0,
    "ents_per_type":{
      "LOC":{
        "p":1.0,
        "r":1.0,
        "f":1.0
      },
      "PERSON":{
        "p":1.0,
        "r":1.0,
        "f":1.0
      }
    },
    "tok2vec_loss":0.0000000015,
    "ner_loss":0.0000000092
  }
}